Mycobacterium tuberculosis H37Rv, complete genome
Product Name	Start	End	Strand	Length	GeneID	Locus	Locus_tag
Ile tRNA	10887	10960	+	74	2700464	-	Rvnt01
Ala tRNA	11112	11184	+	73	2700469	-	Rvnt02
Leu tRNA	25644	25726	+	83	2700444	-	Rvnt03
Gly tRNA	386204	386274	-	71	2700441	-	Rvnt04
Tyr tRNA	658109	658189	+	81	2700426	-	Rvnt05
Thr tRNA	731494	731566	+	73	2700463	-	Rvnt06
Met tRNA	731603	731676	+	74	2700431	-	Rvnt07
Trp tRNA	733524	733596	+	73	2700453	-	Rvnt08
Thr tRNA	850642	850713	-	72	2700448	-	Rvnt09
Lys tRNA	923803	923875	-	73	2700435	-	Rvnt10
Glu tRNA	923999	924072	+	74	2700445	-	Rvnt11
Asp tRNA	924110	924183	+	74	2700454	-	Rvnt12
Phe tRNA	924213	924286	+	74	2700446	-	Rvnt13
Arg tRNA	1025321	1025393	-	73	2700422	-	Rvnt14
Ala tRNA	1113511	1113583	+	73	2700430	-	Rvnt15
Gln tRNA	1138076	1138147	-	72	2700462	-	Rvnt16
Leu tRNA	1177396	1177469	+	74	2700427	-	Rvnt17
Arg tRNA	1446193	1446265	-	73	2700468	-	Rvnt18
ribosomal RNA 16S	1471846	1473382	+	1537	2700429	rrs	Rvnr01
ribosomal RNA 23S	1473658	1476795	+	3138	2700466	rrl	Rvnr02
ribosomal RNA 5S	1476899	1477013	+	115	2700459	rrf	Rvnr03
Leu tRNA	1512728	1512811	+	84	2700424	-	Rvnt19
Leu tRNA	1828015	1828088	-	74	2700456	-	Rvnt20
Pro tRNA	1946613	1946686	+	74	2700455	-	Rvnt21
Leu tRNA	2401987	2402072	+	86	2700467	-	Rvnt22
-	2500445	2500751	-	307	2700434	rnpB	Rvns01
Val tRNA	2510598	2510669	-	72	2700452	-	Rvnt23
Met tRNA	2581764	2581837	-	74	2700432	-	Rvnt24
Asn tRNA	2619407	2619479	-	73	2700449	-	Rvnt25
Pro tRNA	2765331	2765404	-	74	2700470	-	Rvnt26
Gly tRNA	2765541	2765611	+	71	2700450	-	Rvnt27
Arg tRNA	2794176	2794249	+	74	2700423	-	Rvnt28
His tRNA	2827854	2827926	+	73	2700451	-	Rvnt29
Lys tRNA	2835494	2835566	+	73	2700436	-	Rvnt30
Val tRNA	2969497	2969568	-	72	2700447	-	Rvnt31
Gly tRNA	2969753	2969825	+	73	2700439	-	Rvnt32
Cys tRNA	2969855	2969925	+	71	2700440	-	Rvnt33
Val tRNA	2969942	2970013	+	72	2700437	-	Rvnt34
Glu tRNA	3348547	3348619	-	73	2700433	-	Rvnt35
Gln tRNA	3348659	3348730	-	72	2700442	-	Rvnt36
Ala tRNA	3431840	3431912	-	73	2700438	-	Rvnt37
-	3467813	3468419	-	607	2700458	ssr	Rvns02
Met tRNA	3559370	3559443	-	74	2700465	-	Rvnt38
Thr tRNA	4081365	4081437	-	73	2700461	-	Rvnt39
Pro tRNA	4126541	4126614	+	74	2700460	-	Rvnt40
Ser tRNA	4168345	4168430	+	86	2700443	-	Rvnt41
Ser tRNA	4199131	4199217	-	87	2700471	-	Rvnt42
Arg tRNA	4216865	4216937	-	73	2700457	-	Rvnt43
Ser tRNA	4216968	4217056	-	89	2700421	-	Rvnt44
Ser tRNA	4222581	4222667	-	87	2700428	-	Rvnt45


